{
  "overall": {
    "true_positives": 23,
    "false_positives": 14,
    "true_negatives": 298,
    "false_negatives": 23,
    "uncertain": 0,
    "total_labeled": 358,
    "precision": 0.6216216216216216,
    "recall": 0.5,
    "f1_score": 0.5542168674698795,
    "accuracy": 0.8966480446927374
  },
  "by_risk_category": {
    "MEDIUM": {
      "tp": 0,
      "fp": 0,
      "tn": 74,
      "fn": 22,
      "uncertain": 0
    },
    "LOW": {
      "tp": 0,
      "fp": 0,
      "tn": 223,
      "fn": 1,
      "uncertain": 0
    },
    "HIGH": {
      "tp": 23,
      "fp": 13,
      "tn": 1,
      "fn": 0,
      "uncertain": 0
    },
    "CRITICAL": {
      "tp": 0,
      "fp": 1,
      "tn": 0,
      "fn": 0,
      "uncertain": 0
    }
  },
  "scam_types": {
    "impersonation": 12,
    "null": 11
  },
  "thresholds": {
    "50": {
      "threshold": 50,
      "true_positives": 23,
      "false_positives": 14,
      "false_negatives": 23,
      "true_negatives": 298,
      "precision": 0.6216216216216216,
      "recall": 0.5,
      "f1_score": 0.5542168674698795,
      "accuracy": 0.8966480446927374
    },
    "60": {
      "threshold": 60,
      "true_positives": 23,
      "false_positives": 14,
      "false_negatives": 23,
      "true_negatives": 298,
      "precision": 0.6216216216216216,
      "recall": 0.5,
      "f1_score": 0.5542168674698795,
      "accuracy": 0.8966480446927374
    },
    "70": {
      "threshold": 70,
      "true_positives": 23,
      "false_positives": 14,
      "false_negatives": 23,
      "true_negatives": 298,
      "precision": 0.6216216216216216,
      "recall": 0.5,
      "f1_score": 0.5542168674698795,
      "accuracy": 0.8966480446927374
    },
    "80": {
      "threshold": 80,
      "true_positives": 23,
      "false_positives": 14,
      "false_negatives": 23,
      "true_negatives": 298,
      "precision": 0.6216216216216216,
      "recall": 0.5,
      "f1_score": 0.5542168674698795,
      "accuracy": 0.8966480446927374
    },
    "90": {
      "threshold": 90,
      "true_positives": 23,
      "false_positives": 14,
      "false_negatives": 23,
      "true_negatives": 298,
      "precision": 0.6216216216216216,
      "recall": 0.5,
      "f1_score": 0.5542168674698795,
      "accuracy": 0.8966480446927374
    }
  },
  "false_positive_analysis": {
    "total_false_positives": 14,
    "patterns": {
      "other": 14
    },
    "false_positive_rate": 0.03910614525139665,
    "examples": {
      "other": [
        {
          "video_id": "gdRaHk24FDo",
          "channel": "Didi Random"
        },
        {
          "video_id": "1_Ih0JYmkjI",
          "channel": "CNBC-TV18"
        },
        {
          "video_id": "IvDhYvFWE_U",
          "channel": "Jadoodoo"
        }
      ]
    }
  },
  "false_negative_analysis": {
    "total_false_negatives": 23,
    "missed_scams": [
      {
        "video_id": "njVWY_yf0ws",
        "risk_score": 30,
        "channel": "ETHEREUM EVENT",
        "reasoning": ""
      },
      {
        "video_id": "1b2ybphkg_E",
        "risk_score": 40,
        "channel": "Serapodcast",
        "reasoning": ""
      },
      {
        "video_id": "qxquJgqISV0",
        "risk_score": 40,
        "channel": "HopeLyrics",
        "reasoning": ""
      },
      {
        "video_id": "epaws6x83e4",
        "risk_score": 40,
        "channel": "\u0421\u0430\u043f\u0441\u0430\u043d-\u0410\u0412\u0422\u041e",
        "reasoning": ""
      },
      {
        "video_id": "CrjHPnOXA0k",
        "risk_score": 40,
        "channel": "HKV Show",
        "reasoning": ""
      },
      {
        "video_id": "N8gv1kXIZJQ",
        "risk_score": 40,
        "channel": "Bill Nott",
        "reasoning": ""
      },
      {
        "video_id": "Gsl09-PeKbM",
        "risk_score": 40,
        "channel": "HopeLyrics",
        "reasoning": ""
      },
      {
        "video_id": "yaz0FK93YsU",
        "risk_score": 40,
        "channel": "Liechtenstein1993",
        "reasoning": ""
      },
      {
        "video_id": "w52256kQRnA",
        "risk_score": 55,
        "channel": "Mr. GK Movie Man",
        "reasoning": ""
      },
      {
        "video_id": "Iw1qR6JSX-w",
        "risk_score": 55,
        "channel": "Tres Ca\u00eddas de Triana",
        "reasoning": ""
      },
      {
        "video_id": "HiuvTh1UEVk",
        "risk_score": 65.0,
        "channel": "DondeBonuses",
        "reasoning": ""
      },
      {
        "video_id": "P-PB_ilVsU8",
        "risk_score": 55.0,
        "channel": "DeeJay Dev",
        "reasoning": ""
      },
      {
        "video_id": "_IITWImkoF4",
        "risk_score": 40.0,
        "channel": "Lion Dr. Y Kiron",
        "reasoning": ""
      },
      {
        "video_id": "pB5aadRxsMY",
        "risk_score": 60.0,
        "channel": "King's Charts",
        "reasoning": ""
      },
      {
        "video_id": "djqHGBoCDXs",
        "risk_score": 40.0,
        "channel": "Andhrapradesh American Association",
        "reasoning": ""
      },
      {
        "video_id": "cX0gbHjkBA8",
        "risk_score": 40.0,
        "channel": "Javier Sandoval",
        "reasoning": ""
      },
      {
        "video_id": "7KrwHqi4Hg8",
        "risk_score": 55.0,
        "channel": "DJ YORMIX - URAB\u00c1",
        "reasoning": ""
      },
      {
        "video_id": "yoYCyZ1N4vA",
        "risk_score": 55.0,
        "channel": "NG Tv Orange City",
        "reasoning": ""
      },
      {
        "video_id": "oSUdbJX6f8s",
        "risk_score": 55.0,
        "channel": "ONG ZEDAGA",
        "reasoning": ""
      },
      {
        "video_id": "_Et2Gtm-Tt8",
        "risk_score": 55.0,
        "channel": "Comedian Sheel",
        "reasoning": ""
      },
      {
        "video_id": "vBVY07eLmfo",
        "risk_score": 65.0,
        "channel": "ProVoiceActor1 Dubs",
        "reasoning": ""
      },
      {
        "video_id": "wGevSKgxN0E",
        "risk_score": 40.0,
        "channel": "Dj Dalim Official",
        "reasoning": ""
      },
      {
        "video_id": "9A98uWQYVGk",
        "risk_score": 40.0,
        "channel": "Zorozblox",
        "reasoning": ""
      }
    ],
    "false_negative_rate": 0.06424581005586592
  }
}